"Compressor:string","Compression:number","Decompression:number","Transfer:number"
LZ4 (r101) -1		, 0.5022	, 0.1165	, 1.0170
LZO-2.06		, 0.5119	, 0.3532	, 1.0064
QuickLZ 1.5.1b6		, 0.5682	, 0.5046	, 0.94743
Snappy 1.1.0		, 0.6562	, 0.1981	, 1.0136
LZF			, 0.7850	, 0.3718	, 1.0204
zlib 1.2.8 -1		, 3.2606	, 0.7569	, 0.77633
LZ4 HC (r101) -9	, 8.4776	, 0.1019	, 0.77919
zlib 1.2.8 -6		, 10.092	, 0.7065	, 0.68389
