"Compressor:string"	,"Compression:number"	,"Decompression:number"	,"Transfer:number"
LZ4 (r101) -1		, 0.0000		, 0.1165		, 1.0170
LZO-2.06		, 0.0000		, 0.3532		, 1.0064
QuickLZ 1.5.1b6		, 0.0000		, 0.5046		, 0.94743
Snappy 1.1.0		, 0.0000		, 0.1981		, 1.0136
LZF			, 0.0000		, 0.3718		, 1.0204
zlib 1.2.8 -1		, 0.0000		, 0.7569		, 0.77633
LZ4 HC (r101) -9	, 0.0000		, 0.1019		, 0.77919
zlib 1.2.8 -6		, 0.0000		, 0.7065		, 0.68389

