Compressor		,Transfer	,Decompression	,Compression
LZ4 (r101) -1		,1.0170		,0.1165		,0.5022
LZO-2.06		,1.0064		,0.3532		,0.5119
QuickLZ 1.5.1b6		,0.94743	,0.5046		,0.5682
Snappy 1.1.0		,1.0136		,0.1981		,0.6562
LZF			,1.0204		,0.3718		,0.7850
zlib 1.2.8 -1		,0.77633	,0.7569		,3.2606
LZ4 HC (r101) -9	,0.77919	,0.1019		,8.4776
zlib 1.2.8 -6		,0.68389	,0.7065		,10.092
